"BROKEN","EPIC","FAILED","FEATURE","PASSED","SKIPPED","STORY","UNKNOWN"
"0","Page Thirty Epic","0","Covering JavaScript Onload Event Error Feature","4","0","","0"
"0","Main page Epic","0","Covering Entry Ad Feature","1","0","","0"
"0","Page Thirty Two Epic","0","Covering Large and Deep DOM Feature","9","0","","0"
"0","Page three Epic","0","covering Basic authentication Feature","7","0","","0"
"0","Page Twenty Eight Epic","0","Covering JQuery UI Menu Feature","7","0","","0"
"0","Page Four Epic","0","Covering Broken Images Feature","8","0","","0"
"0","Page Six Epic","0","Covering Check Boxes Feature","5","0","","0"
"0","Page Twenty Two Epic","0","Covering Frames Feature","6","0","","0"
"0","Main page Epic","0","Covering Forgot Password Feature","1","0","","0"
"0","Page Thirteen Epic","0","Covering Dynamic Controls Feature","5","0","","0"
"0","Page Eighteen Epic","0","Covering File Upload Feature","4","0","","0"
"0","Page Thirty One Epic","0","Covering Key Presses Feature","9","0","","0"
"0","Page Twelve Epic","0","Covering Dynamic Content Feature","5","0","","0"
"0","Page Eight Epic","0","Covering Digest Auth Feature","6","0","","0"
"0","Page Twenty Seven Epic","0","Covering Inputs Feature","6","0","","0"
"0","Page Forty Four Epic","0","Covering WYSIWYG Editor Feature","9","0","","0"
"0","Main page Epic","0","Covering JQuery UI Menus Feature","1","0","","0"
"0","Page Twenty Nine Epic","0","Covering JavaScript Alerts Feature","7","0","","0"
"0","Main page Epic","0","Covering Multiple Windows Feature","1","0","","0"
"0","Page Forty One Epic","0","Covering Sortable Data Tables Feature","9","0","","0"
"0","Page two Epic","0","covering Add Element Feature","3","0","","0"
"0","Main page Epic","0","Covering Drop Down Feature","1","0","","0"
"0","Page Thirty Four Epic","0","Covering Nested Frames Feature","5","0","","0"
"0","Page Twenty Four Epic","0","Covering Horizontal Slider Feature","7","0","","0"
"0","Page Thirty Nine Epic","0","Covering Shifting Content Feature","7","0","","0"
"0","Page Seventeen Epic","0","Covering File Download Feature","4","0","","0"
"0","Page Thirty Six Epic","0","Covering Redirect Link Feature","6","0","","0"
"0","Page Forty Two Epic","0","Covering Status Codes Feature","7","0","","0"
"0","Page Twenty Six Epic","0","Covering Infinite Scroll Feature","4","0","","0"
"0","Page Twenty Epic","0","Covering Forgot Password Feature","5","0","","0"
"0","Page Nine Epic","0","Covering Disappearing Elements Feature","8","0","","0"
"0","Page Fourteen Epic","0","Covering Dynamic Loading Feature","2","0","","0"
"0","Page Thirty Five Epic","0","Covering Notification Messages Feature","6","0","","0"
"0","Page Thirty Three Epic","0","Covering Multiple Windows Feature","7","0","","0"
"0","Page Twenty Three Epic","0","Covering Geolocation Feature","6","0","","0"
"0","Main page Epic","0","Covering Status Codes Feature","1","0","","0"
"0","Main page Epic","0","Covering GeoLocation Feature","1","0","","0"
"0","Page Forty Epic","0","Covering Slow Resources Feature","6","0","","0"
"0","Page Thirty Seven Epic","0","Covering Secure File Download Feature","6","0","","0"
"0","Page Forty Three Epic","0","Covering Typos Feature","5","0","","0"
"0","Page Five Epic","0","Covering Challenging DOM Feature","8","0","","0"
"0","Page Seven Epic","0","Covering Context Menu Feature","3","0","","0"
"0","Page Ten Epic","0","Covering Drag and Drop Feature","4","0","","0"
"0","Main page Epic","0","Covering Large & Deep DOM Feature","1","0","","0"
"0","Page Twenty Five Epic","0","Covering Hovers Feature","7","0","","0"
"0","Page ELeven Epic","0","Covering Drop Down Feature","3","0","","0"
"0","Main page Epic","0","Covering Disappearing Elements Feature","1","0","","0"
"0","Main page Epic","0","Covering Horizontal Slider Feature","1","0","","0"
"0","Main page Epic","0","Covering Exit Intent Feature","1","0","","0"
"0","Page Nineteen Epic","0","Covering Floating Menu Feature","5","0","","0"
"0","Page Thirty Eight Epic","0","Covering Shadow DOM Feature","4","0","","0"
"0","Main page Epic","0","Covering Typos Feature","1","0","","0"
"0","Page two Epic","0","covering Delete Element Feature","4","0","","0"
"0","Page Twenty One Epic","0","Covering Form Authentication Feature","6","0","","0"
"0","Main page Epic","0","Covering Dynamic Loading Feature","1","0","","0"
"0","Main page Epic","0","Covering A/B Feature","1","0","","0"
"0","Main page Epic","0","Covering Nested Frames Feature","1","0","","0"
"0","Main page Epic","0","Covering JavaScript onload event error Feature","1","0","","0"
"0","Main page Epic","0","Covering Redirect Link Feature","1","0","","0"
"0","Page Sixteen Epic","0","Covering Exit Intent Feature","4","0","","0"
"0","Main page Epic","0","Covering Sortable Data Tables Feature","1","0","","0"
"0","Main page Epic","0","Covering Digest Authentication Feature","1","0","","0"
"0","Page one Epic","0","Covering A/B Feature","1","0","","0"
"0","Main page Epic","0","Covering Key Presses Feature","1","0","","0"
"0","Main page Epic","0","Covering Hovers Feature","1","0","","0"
"0","Main page Epic","0","Covering Infinite Scroll Feature","1","0","","0"
"0","Main page Epic","0","Covering Drag And Drop Feature","1","0","","0"
"0","Page Fifteen Epic","0","Covering Entry ad Feature","3","0","","0"
"0","Main page Epic","0","Covering Dynamic Controls Feature","1","0","","0"
"0","Main page Epic","0","Covering Shifting Content Feature","1","0","","0"
"0","Main page Epic","0","Covering Challenging Dom Feature","1","0","","0"
"0","Main page Epic","0","Covering Broken Images Feature","1","0","","0"
"0","Main page Epic","0","Covering Floating Menu Feature","1","0","","0"
"0","Main page Epic","0","Covering Slow Resources Feature","1","0","","0"
"0","Main page Epic","0","Covering Add/Remove Elements Feature","1","0","","0"
"0","Main page Epic","0","Covering File Download Feature","1","0","","0"
"0","Main page Epic","0","Covering Dynamic Content Feature","1","0","","0"
"0","Main page Epic","0","Covering Inputs Feature","1","0","","0"
"0","Main page Epic","0","Covering Form Authentication Feature","1","0","","0"
"0","Main page Epic","0","Covering JavaScript Alerts Feature","1","0","","0"
"0","Main page Epic","0","Covering Shadow DOM Feature","1","0","","0"
"0","Main page Epic","0","Covering Context menu Feature","1","0","","0"
"0","Main page Epic","0","Covering File Upload Feature","1","0","","0"
"0","Main page Epic","0","Covering Basic Auth Feature","1","0","","0"
"0","Main page Epic","0","Covering Secure File Download Feature","1","0","","0"
"0","Main page Epic","0","Covering WYSIWYG Editor Feature","1","0","","0"
"0","Main page Epic","0","Covering Notification Messages Feature","1","0","","0"
"0","Main page Epic","0","Covering Frames Feature","1","0","","0"
"0","Main page Epic","0","Covering Check boxes Feature","1","0","","0"
