"DESCRIPTION","DURATION IN MS","NAME","PARENT SUITE","START TIME","STATUS","STOP TIME","SUB SUITE","SUITE","TEST CLASS","TEST METHOD"
"Verify JavaScript error page URL","348","Verify that navigation opens the JavaScript error page","AutomationHerokuApp","2026-09-02","passed","2026-09-02","Tests.P30JavaScriptOnLoadTest","smokeTest","Tests.P30JavaScriptOnLoadTest","verifyJavaScriptErrorPageUrl"
"Validate that Entry Ad function is clickable","311","Validate that Entry Ad function is clickable","AutomationHerokuApp","2026-09-02","passed","2026-09-02","Tests.MainPageTest","smokeTest","Tests.MainPageTest","validateThatEntryAdIsClickable"
"Verify first table cell value","639","Verify the value of the first table cell","AutomationHerokuApp","2026-09-02","passed","2026-09-02","Tests.P32LargeDeepDomTest","smokeTest","Tests.P32LargeDeepDomTest","verifyFirstTableCellValue"
"Validate Successful login","432","Validate Successful login","AutomationHerokuApp","2026-09-02","passed","2026-09-02","Tests.P3BasicAuthTest","smokeTest","Tests.P3BasicAuthTest","validateSuccessfulLogin"
"Verify PDF download link","2129","Verify that the PDF menu option contains the correct download link","AutomationHerokuApp","2026-09-02","passed","2026-09-02","Tests.P28JQueryUiMenuTest","smokeTest","Tests.P28JQueryUiMenuTest","verifyPdfDownloadLink"
"validate That Third image is Loaded","495","validate That Third image is Loaded","AutomationHerokuApp","2026-09-02","passed","2026-09-02","Tests.P4BrokenImagesTest","smokeTest","Tests.P4BrokenImagesTest","validateThirdImageIsLoaded"
"validate That Second Check Box is displayed and named checkbox 2","430","validate That Second Check Box is displayed and named checkbox 2","AutomationHerokuApp","2026-09-02","passed","2026-09-02","Tests.P6CheckBoxesTest","smokeTest","Tests.P6CheckBoxesTest","validateSecondCheckBoxIsDisplayedAndItsName"
"Verify Frames page header","391","Verify that the Frames page displays the correct header","AutomationHerokuApp","2026-09-02","passed","2026-09-02","Tests.P22FramesTest","smokeTest","Tests.P22FramesTest","verifyFramesPageHeader"
"Validate that Forgot Password function is clickable","358","Validate that Forgot Password function is clickable","AutomationHerokuApp","2026-09-02","passed","2026-09-02","Tests.MainPageTest","smokeTest","Tests.MainPageTest","validateThatForgotPasswordIsClickable"
"validate the functionality of the check box and it's button addition and removal","7153","validate the functionality of the check box and it's button addition and removal","AutomationHerokuApp","2026-09-02","passed","2026-09-02","Tests.P13DynamicControlsTest","smokeTest","Tests.P13DynamicControlsTest","validateCheckboxAndButtonFunctionality"
"Verify File Upload page header","669","Verify that the File Upload page displays the correct header","AutomationHerokuApp","2026-09-02","passed","2026-09-02","Tests.P18FileUploadTest","smokeTest","Tests.P18FileUploadTest","verifyFileUploadPageHeader"
"Verify table middle cell value","679","Verify that a cell in the middle of the large table can be located","AutomationHerokuApp","2026-09-02","passed","2026-09-02","Tests.P32LargeDeepDomTest","smokeTest","Tests.P32LargeDeepDomTest","verifyMiddleTableCellValue"
"Verify Escape key press","483","Verify that pressing Escape displays the correct result","AutomationHerokuApp","2026-09-02","passed","2026-09-02","Tests.P31KeyPressesTest","smokeTest","Tests.P31KeyPressesTest","verifyEscapeKeyPress"
"validate That Click here link is displayed and when clicked navigates to a new URL","1052","validate That Click here link is displayed and when clicked navigates to a new URL","AutomationHerokuApp","2026-09-02","passed","2026-09-02","Tests.P12DynamicContentTest","smokeTest","Tests.P12DynamicContentTest","validateClickHereLinkIsDisplayedAndNavigatesToNewURL"
"validate Failed login with wrong username","5043","validate Failed login with wrong username","AutomationHerokuApp","2026-09-02","passed","2026-09-02","Tests.P8DigestAuthTest","smokeTest","Tests.P8DigestAuthTest","validateDigestAuthWrongUsername"
"validate That Second Image is Broken","512","validate That Second Image is Broken","AutomationHerokuApp","2026-09-02","passed","2026-09-02","Tests.P4BrokenImagesTest","smokeTest","Tests.P4BrokenImagesTest","validateSecondImageisBroken"
"Verify number can be increased using Arrow Up","605","Verify that the number value increases when Arrow Up is pressed","AutomationHerokuApp","2026-09-02","passed","2026-09-02","Tests.P27InputsTest","smokeTest","Tests.P27InputsTest","verifyNumberCanBeIncreased"
"Verify WYSIWYG Editor page header","687","Verify that the WYSIWYG Editor page displays the correct header","AutomationHerokuApp","2026-09-02","passed","2026-09-02","Tests.P44WysiwygEditorTest","smokeTest","Tests.P44WysiwygEditorTest","verifyWysiwygEditorPageHeader"
"Verify numeric value can be entered","506","Verify that a numeric value can be entered in the number input","AutomationHerokuApp","2026-09-02","passed","2026-09-02","Tests.P27InputsTest","smokeTest","Tests.P27InputsTest","verifyNumberCanBeEntered"
"Validate that JQuery UI Menus function is clickable","586","Validate that JQuery UI Menus function is clickable","AutomationHerokuApp","2026-09-02","passed","2026-09-02","Tests.MainPageTest","smokeTest","Tests.MainPageTest","validateThatJQueryUIMenusIsClickable"
"Verify JavaScript Prompt can be dismissed","576","Verify that dismissing the JavaScript Prompt displays the correct result","AutomationHerokuApp","2026-09-02","passed","2026-09-02","Tests.P29JavaScriptAlertsTest","smokeTest","Tests.P29JavaScriptAlertsTest","verifyJavaScriptPromptCanBeDismissed"
"Validate that Multiple Windows function is clickable","310","Validate that Multiple Windows function is clickable","AutomationHerokuApp","2026-09-02","passed","2026-09-02","Tests.MainPageTest","smokeTest","Tests.MainPageTest","validateThatMultipleWindowsIsClickable"
"Verify first table column headers","944","Verify that the first table contains the correct column headers","AutomationHerokuApp","2026-09-02","passed","2026-09-02","Tests.P41SortableDataTablesTest","smokeTest","Tests.P41SortableDataTablesTest","verifyFirstTableHeaders"
"Validate Add element functionality","455","Validate Add element functionality","AutomationHerokuApp","2026-09-02","passed","2026-09-02","Tests.P2AddRemoveTest","smokeTest","Tests.P2AddRemoveTest","validateAddElementfunctionality"
"validate That Check Boxes Header is Check Boxes","382","validate That Check Boxes Header is Check Boxes","AutomationHerokuApp","2026-09-02","passed","2026-09-02","Tests.P6CheckBoxesTest","smokeTest","Tests.P6CheckBoxesTest","validateCheckBoxesHeader"
"Validate that Drop Down function is clickable","388","Validate that Drop Down function is clickable","AutomationHerokuApp","2026-09-02","passed","2026-09-02","Tests.MainPageTest","smokeTest","Tests.MainPageTest","validateThatDropDownIsClickable"
"Verify bottom frame text","689","Verify that the bottom frame displays the correct text","AutomationHerokuApp","2026-09-02","passed","2026-09-02","Tests.P34NestedFramesTest","smokeTest","Tests.P34NestedFramesTest","verifyBottomFrameText"
"Verify Horizontal Slider can be set to a specific value","594","Verify that the Horizontal Slider can be moved to a specific value","AutomationHerokuApp","2026-09-02","passed","2026-09-02","Tests.P24HorizontalSliderTest","smokeTest","Tests.P24HorizontalSliderTest","verifySliderCanBeSetToSpecificValue"
"validate That Third Image exists with 90 height and 120 width","578","validate That Third Image exists with 90 height and 120 width","AutomationHerokuApp","2026-09-02","passed","2026-09-02","Tests.P4BrokenImagesTest","smokeTest","Tests.P4BrokenImagesTest","validateThirdImageExistenceAndDimensions"
"Verify shifting content example links are displayed","543","Verify that all Shifting Content example links are displayed","AutomationHerokuApp","2026-09-02","passed","2026-09-02","Tests.P39ShiftingContentTest","smokeTest","Tests.P39ShiftingContentTest","verifyShiftingContentExampleLinksAreDisplayed"
"Verify downloadable files are displayed","407","Verify that downloadable files are displayed on the File Download page","AutomationHerokuApp","2026-09-02","passed","2026-09-02","Tests.P17FileDownloadTest","smokeTest","Tests.P17FileDownloadTest","verifyDownloadFilesAreDisplayed"
"Verify Large and Deep DOM page header","632","Verify that the Large and Deep DOM page displays the correct header","AutomationHerokuApp","2026-09-02","passed","2026-09-02","Tests.P32LargeDeepDomTest","smokeTest","Tests.P32LargeDeepDomTest","verifyLargeDeepDomPageHeader"
"validate That page Contains three images and three paragraphs","605","validate That page Contains three images and three paragraphs","AutomationHerokuApp","2026-09-02","passed","2026-09-02","Tests.P12DynamicContentTest","smokeTest","Tests.P12DynamicContentTest","validatePageContainsTwoImagesAndThreeParagraphs"
"Verify redirect link is displayed","374","Verify that the redirect link is displayed","AutomationHerokuApp","2026-09-02","passed","2026-09-02","Tests.P36RedirectLinkTest","smokeTest","Tests.P36RedirectLinkTest","verifyRedirectLinkIsDisplayed"
"Verify file can be successfully uploaded","1001","Verify that a selected file can be successfully uploaded","AutomationHerokuApp","2026-09-02","passed","2026-09-02","Tests.P18FileUploadTest","smokeTest","Tests.P18FileUploadTest","verifyFileCanBeUploaded"
"Verify Status Codes page header","377","Verify that the Status Codes page displays the correct header","AutomationHerokuApp","2026-09-02","passed","2026-09-02","Tests.P42StatusCodesTest","smokeTest","Tests.P42StatusCodesTest","verifyStatusCodesPageHeader"
"Validate Failed Login with wrong Password","441","Validate Failed Login with wrong Password","AutomationHerokuApp","2026-09-02","passed","2026-09-02","Tests.P3BasicAuthTest","smokeTest","Tests.P3BasicAuthTest","validateFailedLoginWithWrongPassword"
"Verify file can be selected for upload","732","Verify that a file can be selected for upload","AutomationHerokuApp","2026-09-02","passed","2026-09-02","Tests.P18FileUploadTest","smokeTest","Tests.P18FileUploadTest","verifyFileCanBeSelected"
"validate That First Image is Broken","522","validate That First Image is Broken","AutomationHerokuApp","2026-09-02","passed","2026-09-02","Tests.P4BrokenImagesTest","smokeTest","Tests.P4BrokenImagesTest","validateFirstImageisBroken"
"Verify JavaScript Alert text","507","Verify that the JavaScript Alert displays the correct text","AutomationHerokuApp","2026-09-02","passed","2026-09-02","Tests.P29JavaScriptAlertsTest","smokeTest","Tests.P29JavaScriptAlertsTest","verifyJavaScriptAlertText"
"Verify content continues loading after multiple scrolls","1670","Verify that additional content continues loading after multiple scrolls","AutomationHerokuApp","2026-09-02","passed","2026-09-02","Tests.P26InfiniteScrollTest","smokeTest","Tests.P26InfiniteScrollTest","verifyContentContinuesLoadingAfterMultipleScrolls"
"Verify iFrame editor content","1628","Verify that the iFrame editor displays the expected text","AutomationHerokuApp","2026-09-02","passed","2026-09-02","Tests.P22FramesTest","smokeTest","Tests.P22FramesTest","verifyiFrameText"
"Verify Retrieve Password button is displayed","422","Verify that the Retrieve Password button is displayed","AutomationHerokuApp","2026-09-02","passed","2026-09-02","Tests.P20ForgotPasswordTest","smokeTest","Tests.P20ForgotPasswordTest","verifyRetrievePasswordButtonIsDisplayed"
"Verify both sortable tables are displayed","647","Verify that both sortable data tables are displayed","AutomationHerokuApp","2026-09-02","passed","2026-09-02","Tests.P41SortableDataTablesTest","smokeTest","Tests.P41SortableDataTablesTest","verifyBothTablesAreDisplayed"
"Verify Status Codes page description","393","Verify that the Status Codes page description is displayed","AutomationHerokuApp","2026-09-02","passed","2026-09-02","Tests.P42StatusCodesTest","smokeTest","Tests.P42StatusCodesTest","verifyStatusCodesDescription"
"validate that Clicking About button navigates to Not found page","627","validate that Clicking About button navigates to Not found page","AutomationHerokuApp","2026-09-02","passed","2026-09-02","Tests.P9DisappearingElementsTest","smokeTest","Tests.P9DisappearingElementsTest","validateAboutButtonNavigatesToNotFoundPage"
"Verify all status code links are displayed","598","Verify that all available status code links are displayed","AutomationHerokuApp","2026-09-02","passed","2026-09-02","Tests.P42StatusCodesTest","smokeTest","Tests.P42StatusCodesTest","verifyStatusCodeLinksAreDisplayed"
"Verify large table row count","783","Verify that the large table contains 50 rows","AutomationHerokuApp","2026-09-02","passed","2026-09-02","Tests.P32LargeDeepDomTest","smokeTest","Tests.P32LargeDeepDomTest","verifyTableRowsCount"
"validate that Clicking Gallery button navigates to Not found page","702","validate that Clicking Gallery button navigates to Not found page","AutomationHerokuApp","2026-09-02","passed","2026-09-02","Tests.P9DisappearingElementsTest","smokeTest","Tests.P9DisappearingElementsTest","validateGalleryButtonNavigatesToNotFoundPage"
"Verify dynamically added element appears after loading","5885","Verify dynamically added element appears after loading","AutomationHerokuApp","2026-09-02","passed","2026-09-02","Tests.P14DynamicLoadingTest","smokeTest","Tests.P14DynamicLoadingTest","verifyDynamicallyAddedElementAppears"
"Verify status code 500","699","Verify that status code 500 opens the correct page","AutomationHerokuApp","2026-09-02","passed","2026-09-02","Tests.P42StatusCodesTest","smokeTest","Tests.P42StatusCodesTest","verifyStatusCode500"
"Verify notification message contains a valid result","1529","Verify that the displayed notification message is one of the expected messages","AutomationHerokuApp","2026-09-02","passed","2026-09-02","Tests.P35NotificationMessagesTest","smokeTest","Tests.P35NotificationMessagesTest","verifyNotificationMessageIsValid"
"Verify middle nested frame text","699","Verify that the middle nested frame displays the correct text","AutomationHerokuApp","2026-09-02","passed","2026-09-02","Tests.P34NestedFramesTest","smokeTest","Tests.P34NestedFramesTest","verifyMiddleFrameText"
"Verify Horizontal Slider can reach maximum value","473","Verify that the Horizontal Slider can be moved to its maximum value","AutomationHerokuApp","2026-09-02","passed","2026-09-02","Tests.P24HorizontalSliderTest","smokeTest","Tests.P24HorizontalSliderTest","verifySliderMaximumValue"
"Verify JavaScript Alerts page header","396","Verify that the JavaScript Alerts page displays the correct header","AutomationHerokuApp","2026-09-02","passed","2026-09-02","Tests.P29JavaScriptAlertsTest","smokeTest","Tests.P29JavaScriptAlertsTest","verifyJavaScriptAlertsPageHeader"
"Verify navigation to Menu Element example","664","Verify that clicking Menu Element opens the correct Shifting Content example","AutomationHerokuApp","2026-09-02","passed","2026-09-02","Tests.P39ShiftingContentTest","smokeTest","Tests.P39ShiftingContentTest","verifyNavigationToMenuElement"
"Verify redirect changes the URL","871","Verify that clicking the redirect link changes the browser URL","AutomationHerokuApp","2026-09-02","passed","2026-09-02","Tests.P36RedirectLinkTest","smokeTest","Tests.P36RedirectLinkTest","verifyUrlChangesAfterRedirect"
"Verify new window URL","692","Verify that the newly opened window has the correct URL","AutomationHerokuApp","2026-09-02","passed","2026-09-02","Tests.P33MultipleWindowsTest","smokeTest","Tests.P33MultipleWindowsTest","verifyNewWindowUrl"
"Verify Geolocation instruction text","395","Verify that the Geolocation page displays the correct instruction text","AutomationHerokuApp","2026-09-02","passed","2026-09-02","Tests.P23GeoLocationTest","smokeTest","Tests.P23GeoLocationTest","verifyGeoLocationInstructionText"
"Verify default editor text","757","Verify that the WYSIWYG Editor contains the expected default text","AutomationHerokuApp","2026-09-02","passed","2026-09-02","Tests.P44WysiwygEditorTest","smokeTest","Tests.P44WysiwygEditorTest","verifyDefaultEditorText"
"Verify email field can be cleared","605","Verify that the email field can be cleared","AutomationHerokuApp","2026-09-02","passed","2026-09-02","Tests.P20ForgotPasswordTest","smokeTest","Tests.P20ForgotPasswordTest","verifyEmailFieldCanBeCleared"
"Validate that Status Codes function is clickable","340","Validate that Status Codes function is clickable","AutomationHerokuApp","2026-09-02","passed","2026-09-02","Tests.MainPageTest","smokeTest","Tests.MainPageTest","validateThatStatusCodesIsClickable"
"Verify first table sorting by last name","642","Verify that the first table can be sorted by Last Name","AutomationHerokuApp","2026-09-02","passed","2026-09-02","Tests.P41SortableDataTablesTest","smokeTest","Tests.P41SortableDataTablesTest","verifyFirstTableSortingByLastName"
"validate that Clicking home button reverts to home page of heroku app","660","validate that Clicking home button reverts to home page of heroku app","AutomationHerokuApp","2026-09-02","passed","2026-09-02","Tests.P9DisappearingElementsTest","smokeTest","Tests.P9DisappearingElementsTest","validateHomeButtonRevertsToHomePage"
"Verify additional content loads after scrolling","1224","Verify that additional content is dynamically loaded after scrolling","AutomationHerokuApp","2026-09-02","passed","2026-09-02","Tests.P26InfiniteScrollTest","smokeTest","Tests.P26InfiniteScrollTest","verifyAdditionalContentLoadsAfterScrolling"
"Verify Horizontal Slider can reach minimum value","547","Verify that the Horizontal Slider can be moved to its minimum value","AutomationHerokuApp","2026-09-02","passed","2026-09-02","Tests.P24HorizontalSliderTest","smokeTest","Tests.P24HorizontalSliderTest","verifySliderMinimumValue"
"Verify email can be entered","565","Verify that an email address can be entered in the email field","AutomationHerokuApp","2026-09-02","passed","2026-09-02","Tests.P20ForgotPasswordTest","smokeTest","Tests.P20ForgotPasswordTest","verifyEmailCanBeEntered"
"Validate that GeoLocation function is clickable","332","Validate that GeoLocation function is clickable","AutomationHerokuApp","2026-09-02","passed","2026-09-02","Tests.MainPageTest","smokeTest","Tests.MainPageTest","validateThatGeoLocationIsClickable"
"validate That Broken Images Header is Broken images","519","validate That Broken Images Header is Broken images","AutomationHerokuApp","2026-09-02","passed","2026-09-02","Tests.P4BrokenImagesTest","smokeTest","Tests.P4BrokenImagesTest","validateBrokenImagesHeader"
"Verify notification message appears after clicking the link","1106","Verify that clicking the link displays a notification message","AutomationHerokuApp","2026-09-02","passed","2026-09-02","Tests.P35NotificationMessagesTest","smokeTest","Tests.P35NotificationMessagesTest","verifyNotificationMessageIsDisplayed"
"Verify Slow Resources description text","397","Verify that the Slow Resources page contains the expected description","AutomationHerokuApp","2026-09-02","passed","2026-09-02","Tests.P40SlowResourcesTest","smokeTest","Tests.P40SlowResourcesTest","verifySlowResourcesDescriptionText"
"Verify Slow Resources page description","371","Verify that the Slow Resources page description is displayed","AutomationHerokuApp","2026-09-02","passed","2026-09-02","Tests.P40SlowResourcesTest","smokeTest","Tests.P40SlowResourcesTest","verifySlowResourcesDescriptionIsDisplayed"
"Validate Failed Login with empty Password","418","Validate Failed login with empty Password","AutomationHerokuApp","2026-09-02","passed","2026-09-02","Tests.P3BasicAuthTest","smokeTest","Tests.P3BasicAuthTest","validateFailedLoginWithoutPassword"
"Verify Geolocation page header","396","Verify that the Geolocation page displays the correct header","AutomationHerokuApp","2026-09-02","passed","2026-09-02","Tests.P23GeoLocationTest","smokeTest","Tests.P23GeoLocationTest","verifyGeoLocationPageHeader"
"Verify Notification Messages page header","790","Verify that the Notification Messages page displays the correct header","AutomationHerokuApp","2026-09-02","passed","2026-09-02","Tests.P35NotificationMessagesTest","smokeTest","Tests.P35NotificationMessagesTest","verifyNotificationMessagesPageHeader"
"Verify secure download filenames can be retrieved","1108","Verify that downloadable secure file names can be retrieved","AutomationHerokuApp","2026-09-02","passed","2026-09-02","Tests.P37SecureFileDownloadTest","smokeTest","Tests.P37SecureFileDownloadTest","verifySecureDownloadFileNamesCanBeRetrieved"
"Verify Typos paragraph ending text","378","Verify that the Typos paragraph contains the expected ending text","AutomationHerokuApp","2026-09-02","passed","2026-09-02","Tests.P43TyposTest","smokeTest","Tests.P43TyposTest","verifyTyposParagraphEndingText"
"Verify second table sorting by first name","619","Verify that the second table can be sorted by First Name","AutomationHerokuApp","2026-09-02","passed","2026-09-02","Tests.P41SortableDataTablesTest","smokeTest","Tests.P41SortableDataTablesTest","verifySecondTableSortingByFirstName"
"validate that canvas is displayed with width 599 and height 200","626","validate that canvas is displayed with width 599 and height 200","AutomationHerokuApp","2026-09-02","passed","2026-09-02","Tests.P5ChallengingDomTest","smokeTest","Tests.P5ChallengingDomTest","validateCanvasExistenceWidthHeight"
"Verify JavaScript onload event error message","356","Verify that the JavaScript onload event error message is displayed","AutomationHerokuApp","2026-09-02","passed","2026-09-02","Tests.P30JavaScriptOnLoadTest","smokeTest","Tests.P30JavaScriptOnLoadTest","verifyJavaScriptOnLoadErrorMessage"
"validate That Context Menu Box is displayed with dashed border, 5px border width, 250px width, 150px height","353","validate That Context Menu Box is displayed with dashed border, 5px border width, 250px width, 150px height","AutomationHerokuApp","2026-09-02","passed","2026-09-02","Tests.P7ContextMenuTest","smokeTest","Tests.P7ContextMenuTest","validateContextMenuBoxIsdisplayedAndItsAttributes"
"Verify Enter key press","492","Verify that pressing Enter displays the correct result","AutomationHerokuApp","2026-09-02","passed","2026-09-02","Tests.P31KeyPressesTest","smokeTest","Tests.P31KeyPressesTest","verifyEnterKeyPress"
"validate Dynamic Content Page Header text is Dynamic Content","528","validate Dynamic Content Page Header text is Dynamic Content","AutomationHerokuApp","2026-09-02","passed","2026-09-02","Tests.P12DynamicContentTest","smokeTest","Tests.P12DynamicContentTest","validateDynamicContentHeaderText"
"validate That after dragging first box and dropping it on second box , boxes names should be switched ","1128","validate That after dragging first box and dropping it on second box , boxes names should be switched  ","AutomationHerokuApp","2026-09-02","passed","2026-09-02","Tests.P10DragAndDropTest","smokeTest","Tests.P10DragAndDropTest","validateDragAndDropFirstBoxToSecondBox"
"Verify first table reverse sorting by last name","735","Verify that clicking Last Name twice sorts the table in reverse order","AutomationHerokuApp","2026-09-02","passed","2026-09-02","Tests.P41SortableDataTablesTest","smokeTest","Tests.P41SortableDataTablesTest","verifyFirstTableReverseSortingByLastName"
"Verify Secure File Download page header","652","Verify that the Secure File Download page displays the correct header","AutomationHerokuApp","2026-09-02","passed","2026-09-02","Tests.P37SecureFileDownloadTest","smokeTest","Tests.P37SecureFileDownloadTest","verifySecureFileDownloadPageHeader"
"Verify Middle nested frame content","951","Verify that the Middle nested frame displays the correct text","AutomationHerokuApp","2026-09-02","passed","2026-09-02","Tests.P22FramesTest","smokeTest","Tests.P22FramesTest","verifyMiddleFrameText"
"Verify Key Presses page header","414","Verify that the Key Presses page displays the correct header","AutomationHerokuApp","2026-09-02","passed","2026-09-02","Tests.P31KeyPressesTest","smokeTest","Tests.P31KeyPressesTest","verifyKeyPressesPageHeader"
"Verify that the hidden element becomes visible after clicking Start","5859","Verify that the hidden element becomes visible after clicking Start","AutomationHerokuApp","2026-09-02","passed","2026-09-02","Tests.P14DynamicLoadingTest","smokeTest","Tests.P14DynamicLoadingTest","verifyElementAppearAfterLoading"
"Verify negative number can be entered","510","Verify that a negative number can be entered in the number input","AutomationHerokuApp","2026-09-02","passed","2026-09-02","Tests.P27InputsTest","smokeTest","Tests.P27InputsTest","verifyNegativeNumberCanBeEntered"
"Verify latitude is displayed","517","Verify that latitude is displayed after clicking Where am I","AutomationHerokuApp","2026-09-02","passed","2026-09-02","Tests.P23GeoLocationTest","smokeTest","Tests.P23GeoLocationTest","verifyLatitudeIsDisplayed"
"Verify text can be entered","891","Verify that text can be entered into the WYSIWYG Editor","AutomationHerokuApp","2026-09-02","passed","2026-09-02","Tests.P44WysiwygEditorTest","smokeTest","Tests.P44WysiwygEditorTest","verifyTextCanBeEntered"
"Validate that Large & Deep DOM function is clickable","577","Validate that Large & Deep DOM function is clickable","AutomationHerokuApp","2026-09-02","passed","2026-09-02","Tests.MainPageTest","smokeTest","Tests.MainPageTest","validateThatLargeAndDeepDOMIsClickable"
"validate That after clicking click here link, only third row image and paragraph change after refresh","1434","validate That after clicking click here link, only third row image and paragraph change after refresh","AutomationHerokuApp","2026-09-02","passed","2026-09-02","Tests.P12DynamicContentTest","smokeTest","Tests.P12DynamicContentTest","validateThirdImageAndParagraphChangeAfterRefresh"
"Verify Enabled submenu appears after hovering","1550","Verify that hovering over Enabled displays its submenu","AutomationHerokuApp","2026-09-02","passed","2026-09-02","Tests.P28JQueryUiMenuTest","smokeTest","Tests.P28JQueryUiMenuTest","verifyEnabledSubmenuAppearsOnHover"
"Validate Failed Login with Invalid credentials","429","Validate Failed Login with Invalid credentials","AutomationHerokuApp","2026-09-02","passed","2026-09-02","Tests.P3BasicAuthTest","smokeTest","Tests.P3BasicAuthTest","validateFailedLoginWithInvalidCredentials"
"Verify third user name","676","Verify that the third figure displays the correct user name on hover","AutomationHerokuApp","2026-09-02","passed","2026-09-02","Tests.P25HoversTest","smokeTest","Tests.P25HoversTest","verifyThirdUserName"
"Verify Slow Resources document ready state","360","Verify that the Slow Resources document reaches complete ready state","AutomationHerokuApp","2026-09-02","passed","2026-09-02","Tests.P40SlowResourcesTest","smokeTest","Tests.P40SlowResourcesTest","verifyDocumentReadyState"
"Verify right nested frame text","692","Verify that the right nested frame displays the correct text","AutomationHerokuApp","2026-09-02","passed","2026-09-02","Tests.P34NestedFramesTest","smokeTest","Tests.P34NestedFramesTest","verifyRightFrameText"
"validate That checkbox is displayed, named A checkbox and is not selected and the button under it is named remove","608","validate That checkbox is displayed, named A checkbox and is not selected and the button under it is named remove","AutomationHerokuApp","2026-09-02","passed","2026-09-02","Tests.P13DynamicControlsTest","smokeTest","Tests.P13DynamicControlsTest","validateCheckboxAndItsButtonAreDisplayed"
"validate Drop Down Page Header text is Dropdown List","427","validate Drop Down Page Header text is Dropdown List","AutomationHerokuApp","2026-09-02","passed","2026-09-02","Tests.P11DropDownTest","smokeTest","Tests.P11DropDownTest","validateDropDownHeaderText"
"Validate that Disappearing Elements function is clickable","321","Validate that Disappearing Elements function is clickable","AutomationHerokuApp","2026-09-02","passed","2026-09-02","Tests.MainPageTest","smokeTest","Tests.MainPageTest","validateThatDisappearingElementsIsClickable"
"Validate that Horizontal Slider function is clickable","329","Validate that Horizontal Slider function is clickable","AutomationHerokuApp","2026-09-02","passed","2026-09-02","Tests.MainPageTest","smokeTest","Tests.MainPageTest","validateThatHorizontalSliderIsClickable"
"Validate that Exit Intent function is clickable","442","Validate that Exit Intent function is clickable","AutomationHerokuApp","2026-09-02","passed","2026-09-02","Tests.MainPageTest","smokeTest","Tests.MainPageTest","validateThatExitIntentIsClickable"
"Verify text can be cleared","870","Verify that WYSIWYG Editor text can be cleared","AutomationHerokuApp","2026-09-02","passed","2026-09-02","Tests.P44WysiwygEditorTest","smokeTest","Tests.P44WysiwygEditorTest","verifyEditorTextCanBeCleared"
"Verify JQuery UI Menu page header","817","Verify that the JQuery UI Menu page displays the correct header","AutomationHerokuApp","2026-09-02","passed","2026-09-02","Tests.P28JQueryUiMenuTest","smokeTest","Tests.P28JQueryUiMenuTest","verifyJQueryUiMenuPageHeader"
"Verify Floating Menu page header","556","Verify that the Floating Menu page displays the correct header","AutomationHerokuApp","2026-09-02","passed","2026-09-02","Tests.P19FloatingMenuTest","smokeTest","Tests.P19FloatingMenuTest","verifyFloatingMenuPageHeader"
"Verify text inside Shadow DOM","388","Verify that Selenium can retrieve text from inside the Shadow DOM","AutomationHerokuApp","2026-09-02","passed","2026-09-02","Tests.P38ShadowDomTest","smokeTest","Tests.P38ShadowDomTest","verifyFirstShadowDomText"
"Verify Italic formatting","1264","Verify that Italic formatting can be applied to editor text","AutomationHerokuApp","2026-09-02","passed","2026-09-02","Tests.P44WysiwygEditorTest","smokeTest","Tests.P44WysiwygEditorTest","verifyItalicFormatting"
"Verify shifting content example names","404","Verify that the correct Shifting Content examples are available","AutomationHerokuApp","2026-09-02","passed","2026-09-02","Tests.P39ShiftingContentTest","smokeTest","Tests.P39ShiftingContentTest","verifyShiftingContentExampleNames"
"Verify JavaScript Confirm can be accepted","606","Verify that accepting the JavaScript Confirm displays the correct result","AutomationHerokuApp","2026-09-02","passed","2026-09-02","Tests.P29JavaScriptAlertsTest","smokeTest","Tests.P29JavaScriptAlertsTest","verifyJavaScriptConfirmCanBeAccepted"
"Verify uploaded file name","1000","Verify that the uploaded file name is displayed correctly","AutomationHerokuApp","2026-09-02","passed","2026-09-02","Tests.P18FileUploadTest","smokeTest","Tests.P18FileUploadTest","verifyUploadedFileName"
"Verify JavaScript Alert can be accepted","600","Verify that accepting the JavaScript Alert displays the correct result","AutomationHerokuApp","2026-09-02","passed","2026-09-02","Tests.P29JavaScriptAlertsTest","smokeTest","Tests.P29JavaScriptAlertsTest","verifyJavaScriptAlertCanBeAccepted"
"Verify Typos paragraph is not empty","440","Verify that the Typos paragraph contains text","AutomationHerokuApp","2026-09-02","passed","2026-09-02","Tests.P43TyposTest","smokeTest","Tests.P43TyposTest","verifyTyposParagraphIsNotEmpty"
"Verify deeply nested sibling element","651","Verify that an element inside the deeply nested DOM can be located","AutomationHerokuApp","2026-09-02","passed","2026-09-02","Tests.P32LargeDeepDomTest","smokeTest","Tests.P32LargeDeepDomTest","verifyDeepNestedSibling"
"Verify WYSIWYG Editor iframe","720","Verify that the WYSIWYG Editor iframe is displayed","AutomationHerokuApp","2026-09-02","passed","2026-09-02","Tests.P44WysiwygEditorTest","smokeTest","Tests.P44WysiwygEditorTest","verifyEditorFrameIsDisplayed"
"validate that Clicking Portfolio button navigates to Not found page","650","validate that Clicking Portfolio button navigates to Not found page","AutomationHerokuApp","2026-09-02","passed","2026-09-02","Tests.P9DisappearingElementsTest","smokeTest","Tests.P9DisappearingElementsTest","validatePortfolioButtonNavigatesToNotFoundPage"
"validate That Every Table row contains delete and edit buttons","735","validate That Every Table row contains delete and edit buttons","AutomationHerokuApp","2026-09-02","passed","2026-09-02","Tests.P5ChallengingDomTest","smokeTest","Tests.P5ChallengingDomTest","validateRowsContainsDeleteAndEditButtons"
"Verify longitude is displayed","506","Verify that longitude is displayed after clicking Where am I","AutomationHerokuApp","2026-09-02","passed","2026-09-02","Tests.P23GeoLocationTest","smokeTest","Tests.P23GeoLocationTest","verifyLongitudeIsDisplayed"
"Verify Bottom nested frame content","953","Verify that the Bottom nested frame displays the correct text","AutomationHerokuApp","2026-09-02","passed","2026-09-02","Tests.P22FramesTest","smokeTest","Tests.P22FramesTest","verifyBottomFrameText"
"Validate that Typos function is clickable","319","Validate that Typos function is clickable","AutomationHerokuApp","2026-09-02","passed","2026-09-02","Tests.MainPageTest","smokeTest","Tests.MainPageTest","validateThatTyposIsClickable"
"Validate Delete element functionality","574","Validate Delete element functionality","AutomationHerokuApp","2026-09-02","passed","2026-09-02","Tests.P2AddRemoveTest","smokeTest","Tests.P2AddRemoveTest","validateDeleteElementFunctionality"
"Verify Logout button is displayed after successful login","1175","Verify that the Logout button is displayed after successful login","AutomationHerokuApp","2026-09-02","passed","2026-09-02","Tests.P21FormAuthenticationTest","smokeTest","Tests.P21FormAuthenticationTest","verifyLogoutButtonIsDisplayed"
"Validate Deleting All Elements functionality","2472","Validate Deleting All Elements functionality","AutomationHerokuApp","2026-09-02","passed","2026-09-02","Tests.P2AddRemoveTest","smokeTest","Tests.P2AddRemoveTest","validateDeleteALLElementsFunctionality"
"validate That Second Image exists with 90 height and 120 width","570","validate That Second Image exists with 90 height and 120 width","AutomationHerokuApp","2026-09-02","passed","2026-09-02","Tests.P4BrokenImagesTest","smokeTest","Tests.P4BrokenImagesTest","validateSecondImageExistenceAndDimensions"
"validate That Context Menu Header is Context Menu","325","validate That Context Menu Header is Context Menu","AutomationHerokuApp","2026-09-02","passed","2026-09-02","Tests.P7ContextMenuTest","smokeTest","Tests.P7ContextMenuTest","validateContextMenuHeader"
"Verify redirect link href","378","Verify that the redirect link points to the redirect endpoint","AutomationHerokuApp","2026-09-02","passed","2026-09-02","Tests.P36RedirectLinkTest","smokeTest","Tests.P36RedirectLinkTest","verifyRedirectLinkHref"
"Validate Failed Login with empty username","423","Validate Failed login with empty username","AutomationHerokuApp","2026-09-02","passed","2026-09-02","Tests.P3BasicAuthTest","smokeTest","Tests.P3BasicAuthTest","validateFailedLoginWithoutUsername"
"Verify Downloads submenu appears after hovering","2166","Verify that hovering over Downloads displays the file download options","AutomationHerokuApp","2026-09-02","passed","2026-09-02","Tests.P28JQueryUiMenuTest","smokeTest","Tests.P28JQueryUiMenuTest","verifyDownloadsSubmenuAppearsOnHover"
"Verify login with invalid password","1183","Verify that login fails when an invalid password is entered","AutomationHerokuApp","2026-09-02","passed","2026-09-02","Tests.P21FormAuthenticationTest","smokeTest","Tests.P21FormAuthenticationTest","verifyLoginWithInvalidPassword"
"Verify hoverable figures count","516","Verify that the Hovers page contains three hoverable figures","AutomationHerokuApp","2026-09-02","passed","2026-09-02","Tests.P25HoversTest","smokeTest","Tests.P25HoversTest","verifyHoverableFiguresCount"
"Verify large table is displayed","657","Verify that the large table is displayed","AutomationHerokuApp","2026-09-02","passed","2026-09-02","Tests.P32LargeDeepDomTest","smokeTest","Tests.P32LargeDeepDomTest","verifyLargeTableIsDisplayed"
"Verify new window header","689","Verify that the newly opened window displays the correct header","AutomationHerokuApp","2026-09-02","passed","2026-09-02","Tests.P33MultipleWindowsTest","smokeTest","Tests.P33MultipleWindowsTest","verifyNewWindowHeader"
"Validate Delete element button text","519","Validate Delete element button text","AutomationHerokuApp","2026-09-02","passed","2026-09-02","Tests.P2AddRemoveTest","smokeTest","Tests.P2AddRemoveTest","validateDeleteElementButtonText"
"validate Failed login With empty password field","4872","validate Failed login With empty password field","AutomationHerokuApp","2026-09-02","passed","2026-09-02","Tests.P8DigestAuthTest","smokeTest","Tests.P8DigestAuthTest","validateDigestAuthWithEmptyPassword"
"Verify Excel download link","2010","Verify that the Excel menu option contains the correct download link","AutomationHerokuApp","2026-09-02","passed","2026-09-02","Tests.P28JQueryUiMenuTest","smokeTest","Tests.P28JQueryUiMenuTest","verifyExcelDownloadLink"
"Validate that Dynamic Loading function is clickable","302","Validate that Dynamic Loading function is clickable","AutomationHerokuApp","2026-09-02","passed","2026-09-02","Tests.MainPageTest","smokeTest","Tests.MainPageTest","validateThatDynamicLoadingIsClickable"
"Validate that A/B testing function is clickable","428","validate That ABtesting Is Clickable","AutomationHerokuApp","2026-09-02","passed","2026-09-02","Tests.MainPageTest","smokeTest","Tests.MainPageTest","validateThatABtestingIsClickable"
"validate That Challenging DOM Header is Challenging DOM","495","validate That Challenging DOM Header is Challenging DOM","AutomationHerokuApp","2026-09-02","passed","2026-09-02","Tests.P5ChallengingDomTest","smokeTest","Tests.P5ChallengingDomTest","validateBrokenImagesHeader"
"Validate that Nested Frames function is clickable","599","Validate that Nested Frames function is clickable","AutomationHerokuApp","2026-09-02","passed","2026-09-02","Tests.MainPageTest","smokeTest","Tests.MainPageTest","validateThatNestedFramesIsClickable"
"Validate that JavaScript onload event error function is clickable","317","Validate that JavaScript onload event error function is clickable","AutomationHerokuApp","2026-09-02","passed","2026-09-02","Tests.MainPageTest","smokeTest","Tests.MainPageTest","validateThatJavaScriptOnloadEventErrorIsClickable"
"Validate that Redirect Link function is clickable","307","Validate that Redirect Link function is clickable","AutomationHerokuApp","2026-09-02","passed","2026-09-02","Tests.MainPageTest","smokeTest","Tests.MainPageTest","validateThatRedirectLinkIsClickable"
"validate That Table contains header, 10 rows and 7 columns","626","validate That Table contains header, 10 rows and 7 columns","AutomationHerokuApp","2026-09-02","passed","2026-09-02","Tests.P5ChallengingDomTest","smokeTest","Tests.P5ChallengingDomTest","validateTabelHeaderRowsColumns"
"Verify Bold formatting","1432","Verify that Bold formatting can be applied to editor text","AutomationHerokuApp","2026-09-02","passed","2026-09-02","Tests.P44WysiwygEditorTest","smokeTest","Tests.P44WysiwygEditorTest","verifyBoldFormatting"
"Verify Exit Intent modal can be closed","2263","Verify that the Exit Intent modal can be closed","AutomationHerokuApp","2026-09-02","passed","2026-09-02","Tests.P16ExitIntentTest","smokeTest","Tests.P16ExitIntentTest","verifyExitIntentModalCanBeClosed"
"validate Failed login With empty username field","5606","validate Failed login With empty username field","AutomationHerokuApp","2026-09-02","passed","2026-09-02","Tests.P8DigestAuthTest","smokeTest","Tests.P8DigestAuthTest","validateDigestAuthWithEmptyUsername"
"Verify CSV download link","2120","Verify that the CSV menu option contains the correct download link","AutomationHerokuApp","2026-09-02","passed","2026-09-02","Tests.P28JQueryUiMenuTest","smokeTest","Tests.P28JQueryUiMenuTest","verifyCsvDownloadLink"
"Verify File Download page header","404","Verify that the File Download page displays the correct header","AutomationHerokuApp","2026-09-02","passed","2026-09-02","Tests.P17FileDownloadTest","smokeTest","Tests.P17FileDownloadTest","verifyFileDownloadPageHeader"
"Verify Redirect Link page header","383","Verify that the Redirect Link page displays the correct header","AutomationHerokuApp","2026-09-02","passed","2026-09-02","Tests.P36RedirectLinkTest","smokeTest","Tests.P36RedirectLinkTest","verifyRedirectLinkPageHeader"
"validate the functionality of the input field and it's button enable and disable","7169","validate the functionality of the input field and it's button enable and disable","AutomationHerokuApp","2026-09-02","passed","2026-09-02","Tests.P13DynamicControlsTest","smokeTest","Tests.P13DynamicControlsTest","validateInputFieldAndButtonFunctionality"
"validate That First Image exists with 90 height and 120 width","548","validate That First Image exists with 90 height and 120 width","AutomationHerokuApp","2026-09-02","passed","2026-09-02","Tests.P4BrokenImagesTest","smokeTest","Tests.P4BrokenImagesTest","validateFirstImageExistenceAndDimensions"
"Verify Sortable Data Tables page header","523","Verify that the Sortable Data Tables page displays the correct header","AutomationHerokuApp","2026-09-02","passed","2026-09-02","Tests.P41SortableDataTablesTest","smokeTest","Tests.P41SortableDataTablesTest","verifySortableDataTablesPageHeader"
"validate Drag and Drop Page containes two boxes, first is named 'A' ,Second is named 'B' ","516","validate Drag and Drop Page containes two boxes, first is named 'A' ,Second is named 'B' ","AutomationHerokuApp","2026-09-02","passed","2026-09-02","Tests.P10DragAndDropTest","smokeTest","Tests.P10DragAndDropTest","validateDragAndDropBoxesCountAndTheirNames"
"Validate Add element button text","408","Validate Add element button text","AutomationHerokuApp","2026-09-02","passed","2026-09-02","Tests.P2AddRemoveTest","smokeTest","Tests.P2AddRemoveTest","validateAddElementButtonText"
"Verify Home menu item navigation","583","Verify that clicking Home updates the URL with the Home anchor","AutomationHerokuApp","2026-09-02","passed","2026-09-02","Tests.P19FloatingMenuTest","smokeTest","Tests.P19FloatingMenuTest","verifyHomeMenuItemNavigation"
"Validate that Sortable Data Tables function is clickable","478","Validate that Sortable Data Tables function is clickable","AutomationHerokuApp","2026-09-02","passed","2026-09-02","Tests.MainPageTest","smokeTest","Tests.MainPageTest","validateThatSortableDataTablesIsClickable"
"Verify Backspace key press","612","Verify that pressing Backspace displays the correct result","AutomationHerokuApp","2026-09-02","passed","2026-09-02","Tests.P31KeyPressesTest","smokeTest","Tests.P31KeyPressesTest","verifyBackspaceKeyPress"
"validate That number of images is 3","503","validate That number of images is 3","AutomationHerokuApp","2026-09-02","passed","2026-09-02","Tests.P4BrokenImagesTest","smokeTest","Tests.P4BrokenImagesTest","validateNumberOfImages"
"Verify successful login with valid credentials","1193","Verify that the user can login using valid credentials","AutomationHerokuApp","2026-09-02","passed","2026-09-02","Tests.P21FormAuthenticationTest","smokeTest","Tests.P21FormAuthenticationTest","verifySuccessfulLogin"
"Validate that Digest Authentication function is clickable","359","Validate that Digest Authentication function is clickable","AutomationHerokuApp","2026-09-02","passed","2026-09-02","Tests.MainPageTest","smokeTest","Tests.MainPageTest","validateThatDigestAuthenticationIsClickable"
"Verify Floating Menu contains the expected menu items","582","Verify that the Floating Menu contains Home, News, Contact and About","AutomationHerokuApp","2026-09-02","passed","2026-09-02","Tests.P19FloatingMenuTest","smokeTest","Tests.P19FloatingMenuTest","verifyFloatingMenuItemsText"
"Verify Slow Resources page finishes loading","376","Verify that the Slow Resources page finishes loading successfully","AutomationHerokuApp","2026-09-02","passed","2026-09-02","Tests.P40SlowResourcesTest","smokeTest","Tests.P40SlowResourcesTest","verifySlowResourcesPageFinishesLoading"
"Verify main menu items are displayed","721","Verify that Disabled and Enabled menu items are displayed","AutomationHerokuApp","2026-09-02","passed","2026-09-02","Tests.P28JQueryUiMenuTest","smokeTest","Tests.P28JQueryUiMenuTest","verifyMainMenuItemsAreDisplayed"
"validate That Page contains three buttons","467","validate That Page contains three buttons","AutomationHerokuApp","2026-09-02","passed","2026-09-02","Tests.P5ChallengingDomTest","smokeTest","Tests.P5ChallengingDomTest","validatePageContainsThreeButtons"
"validate Drag and Drop Page Header text is Drag and Drop","375","validate Drag and Drop Page Header text is Drag and Drop","AutomationHerokuApp","2026-09-02","passed","2026-09-02","Tests.P10DragAndDropTest","smokeTest","Tests.P10DragAndDropTest","validateDragAndDropHeaderText"
"Validate Failed Login with wrong username","421","Validate Failed login  with wrong username","AutomationHerokuApp","2026-09-02","passed","2026-09-02","Tests.P3BasicAuthTest","smokeTest","Tests.P3BasicAuthTest","validateFailedLoginWithWrongUsername"
"Verify Slow Resources page header","386","Verify that the Slow Resources page displays the correct header","AutomationHerokuApp","2026-09-02","passed","2026-09-02","Tests.P40SlowResourcesTest","smokeTest","Tests.P40SlowResourcesTest","verifySlowResourcesPageHeader"
"Verify sortable data tables row counts","599","Verify that both sortable tables contain four data rows","AutomationHerokuApp","2026-09-02","passed","2026-09-02","Tests.P41SortableDataTablesTest","smokeTest","Tests.P41SortableDataTablesTest","verifyTableRowsCount"
"validate the functionality of delete button in table","594","validate the functionality of delete button in table","AutomationHerokuApp","2026-09-02","passed","2026-09-02","Tests.P5ChallengingDomTest","smokeTest","Tests.P5ChallengingDomTest","validateDeleteButtonFunctionality"
"Verify Typos paragraph opening text","388","Verify that the Typos paragraph contains the expected opening text","AutomationHerokuApp","2026-09-02","passed","2026-09-02","Tests.P43TyposTest","smokeTest","Tests.P43TyposTest","verifyTyposParagraphOpeningText"
"Verify Shifting Content page header","366","Verify that the Shifting Content page displays the correct header","AutomationHerokuApp","2026-09-02","passed","2026-09-02","Tests.P39ShiftingContentTest","smokeTest","Tests.P39ShiftingContentTest","verifyShiftingContentPageHeader"
"Verify Exit Intent page header","485","Verify that the Exit Intent page displays the correct header","AutomationHerokuApp","2026-09-02","passed","2026-09-02","Tests.P16ExitIntentTest","smokeTest","Tests.P16ExitIntentTest","verifyExitIntentPageHeader"
"validate That AB testing Header is A/B Test Variation 1","383","validate That AB testing Header is A/B Test Variation 1","AutomationHerokuApp","2026-09-02","passed","2026-09-02","Tests.P1ABTest","smokeTest","Tests.P1ABTest","validateABtestingHeader"
"Verify letter key press","516","Verify that pressing a letter key displays the correct result","AutomationHerokuApp","2026-09-02","passed","2026-09-02","Tests.P31KeyPressesTest","smokeTest","Tests.P31KeyPressesTest","verifyLetterKeyPress"
"Verify another notification can be generated","1883","Verify that clicking the link again generates another valid notification","AutomationHerokuApp","2026-09-02","passed","2026-09-02","Tests.P35NotificationMessagesTest","smokeTest","Tests.P35NotificationMessagesTest","verifyAnotherNotificationCanBeGenerated"
"Verify secure downloadable files exist","922","Verify that downloadable files are available on the Secure File Download page","AutomationHerokuApp","2026-09-02","passed","2026-09-02","Tests.P37SecureFileDownloadTest","smokeTest","Tests.P37SecureFileDownloadTest","verifySecureDownloadFilesAreAvailable"
"Verify Shadow Root is available","363","Verify that Selenium can access the Shadow Root","AutomationHerokuApp","2026-09-02","passed","2026-09-02","Tests.P38ShadowDomTest","smokeTest","Tests.P38ShadowDomTest","verifyShadowRootIsAvailable"
"Verify shifting content examples count","379","Verify that the Shifting Content page contains three examples","AutomationHerokuApp","2026-09-02","passed","2026-09-02","Tests.P39ShiftingContentTest","smokeTest","Tests.P39ShiftingContentTest","verifyShiftingContentExamplesCount"
"Verify second user name","693","Verify that the second figure displays the correct user name on hover","AutomationHerokuApp","2026-09-02","passed","2026-09-02","Tests.P25HoversTest","smokeTest","Tests.P25HoversTest","verifySecondUserName"
"Verify secure file can be downloaded","2161","Verify that a file can be downloaded from the Secure File Download page","AutomationHerokuApp","2026-09-02","passed","2026-09-02","Tests.P37SecureFileDownloadTest","smokeTest","Tests.P37SecureFileDownloadTest","verifySecureFileCanBeDownloaded"
"validate the status and functionality of second checkbox","522","validate the status and functionality of second checkbox","AutomationHerokuApp","2026-09-02","passed","2026-09-02","Tests.P6CheckBoxesTest","smokeTest","Tests.P6CheckBoxesTest","validateSecondCheckBoxStatusAndFunctionality"
"validate that page contains a drop down list which contains three options","535","validate that page contains a drop down list which contains three options","AutomationHerokuApp","2026-09-02","passed","2026-09-02","Tests.P11DropDownTest","smokeTest","Tests.P11DropDownTest","validateDropDownListExistAndContainsThreeOptions"
"validate that Gallery button appears and disappears randomly after refreshing page","2162","validate that Gallery button appears and disappears randomly after refreshing page","AutomationHerokuApp","2026-09-02","passed","2026-09-02","Tests.P9DisappearingElementsTest","smokeTest","Tests.P9DisappearingElementsTest","validateGalleryButtonAppearsAndDisappearsRandomly"
"Verify Exit Intent modal appears","2187","Verify that the Exit Intent modal appears when the mouse leaves toward the top of the page","AutomationHerokuApp","2026-09-02","passed","2026-09-02","Tests.P16ExitIntentTest","smokeTest","Tests.P16ExitIntentTest","verifyExitIntentModalAppears"
"Validate Failed Login with empty Fields","307","Validate Failed login with empty Fields","AutomationHerokuApp","2026-09-02","passed","2026-09-02","Tests.P3BasicAuthTest","smokeTest","Tests.P3BasicAuthTest","validateFailedLoginWithEmptyFields"
"Validate that Key Presses function is clickable","327","Validate that Key Presses function is clickable","AutomationHerokuApp","2026-09-02","passed","2026-09-02","Tests.MainPageTest","smokeTest","Tests.MainPageTest","validateThatKeyPressesIsClickable"
"Verify Horizontal Slider moves to the right","489","Verify that the Horizontal Slider value increases when moved to the right","AutomationHerokuApp","2026-09-02","passed","2026-09-02","Tests.P24HorizontalSliderTest","smokeTest","Tests.P24HorizontalSliderTest","verifySliderMovesRight"
"Verify navigation to List example","639","Verify that clicking List opens the correct Shifting Content example","AutomationHerokuApp","2026-09-02","passed","2026-09-02","Tests.P39ShiftingContentTest","smokeTest","Tests.P39ShiftingContentTest","verifyNavigationToListExample"
"Verify Arrow Up key press","491","Verify that pressing Arrow Up displays the correct result","AutomationHerokuApp","2026-09-02","passed","2026-09-02","Tests.P31KeyPressesTest","smokeTest","Tests.P31KeyPressesTest","verifyArrowUpKeyPress"
"Verify login with invalid username","1140","Verify that login fails when an invalid username is entered","AutomationHerokuApp","2026-09-02","passed","2026-09-02","Tests.P21FormAuthenticationTest","smokeTest","Tests.P21FormAuthenticationTest","verifyLoginWithInvalidUsername"
"Validate that Hovers function is clickable","451","Validate that Hovers function is clickable","AutomationHerokuApp","2026-09-02","passed","2026-09-02","Tests.MainPageTest","smokeTest","Tests.MainPageTest","validateThatHoversIsClickable"
"Verify notification message text is not empty","1219","Verify that the displayed notification message contains text","AutomationHerokuApp","2026-09-02","passed","2026-09-02","Tests.P35NotificationMessagesTest","smokeTest","Tests.P35NotificationMessagesTest","verifyNotificationMessageIsNotEmpty"
"validate Failed login with wrong Password","4958","validate Failed login with wrong Password","AutomationHerokuApp","2026-09-02","passed","2026-09-02","Tests.P8DigestAuthTest","smokeTest","Tests.P8DigestAuthTest","validateDigestAuthWrongPassword"
"validate the functionality of Edit button in table","592","validate the functionality of Edit button in table","AutomationHerokuApp","2026-09-02","passed","2026-09-02","Tests.P5ChallengingDomTest","smokeTest","Tests.P5ChallengingDomTest","validateEditButtonFunctionality"
"validate Context Menu box will display an alert 'You selected a context menu' after right clicking it","451","validate Context Menu box will display an alert 'You selected a context menu' after right clicking it","AutomationHerokuApp","2026-09-02","passed","2026-09-02","Tests.P7ContextMenuTest","smokeTest","Tests.P7ContextMenuTest","validateContextMenuBoxFunctionality"
"Verify Arrow Down key press","493","Verify that pressing Arrow Down displays the correct result","AutomationHerokuApp","2026-09-02","passed","2026-09-02","Tests.P31KeyPressesTest","smokeTest","Tests.P31KeyPressesTest","verifyArrowDownKeyPress"
"Verify large table column count","413","Verify that the large table contains 50 columns","AutomationHerokuApp","2026-09-02","passed","2026-09-02","Tests.P32LargeDeepDomTest","smokeTest","Tests.P32LargeDeepDomTest","verifyTableColumnsCount"
"Verify latitude and longitude are valid numbers","609","Verify that returned latitude and longitude values are valid numeric coordinates","AutomationHerokuApp","2026-09-02","passed","2026-09-02","Tests.P23GeoLocationTest","smokeTest","Tests.P23GeoLocationTest","verifyGeoLocationCoordinatesAreValid"
"Verify Typos paragraph is displayed","447","Verify that the Typos page paragraph is displayed","AutomationHerokuApp","2026-09-02","passed","2026-09-02","Tests.P43TyposTest","smokeTest","Tests.P43TyposTest","verifyTyposParagraphIsDisplayed"
"Verify table header","538","Verify that a table column header can be retrieved","AutomationHerokuApp","2026-09-02","passed","2026-09-02","Tests.P32LargeDeepDomTest","smokeTest","Tests.P32LargeDeepDomTest","verifyTableHeader"
"Verify Click Here link is displayed","360","Verify that the Click Here link is displayed","AutomationHerokuApp","2026-09-02","passed","2026-09-02","Tests.P33MultipleWindowsTest","smokeTest","Tests.P33MultipleWindowsTest","verifyClickHereLinkIsDisplayed"
"Verify Status Codes page header after redirect","804","Verify that the Status Codes page displays the correct header after redirect","AutomationHerokuApp","2026-09-02","passed","2026-09-02","Tests.P36RedirectLinkTest","smokeTest","Tests.P36RedirectLinkTest","verifyStatusCodesPageHeaderAfterRedirect"
"Verify new window is opened","527","Verify that clicking the link opens a second browser window","AutomationHerokuApp","2026-09-02","passed","2026-09-02","Tests.P33MultipleWindowsTest","smokeTest","Tests.P33MultipleWindowsTest","verifyNewWindowIsOpened"
"validate That images and paragraphs change after refresh","3690","validate That images and paragraphs change after refresh","AutomationHerokuApp","2026-09-02","passed","2026-09-02","Tests.P12DynamicContentTest","smokeTest","Tests.P12DynamicContentTest","validateImagesAndParagraphsChangeAfterRefresh"
"Validate that Infinite Scroll function is clickable","421","Validate that Infinite Scroll function is clickable","AutomationHerokuApp","2026-09-02","passed","2026-09-02","Tests.MainPageTest","smokeTest","Tests.MainPageTest","validateThatInfiniteScrollIsClickable"
"Verify downloadable file names","628","Verify that downloadable files have valid file names","AutomationHerokuApp","2026-09-02","passed","2026-09-02","Tests.P17FileDownloadTest","smokeTest","Tests.P17FileDownloadTest","verifyDownloadFileNames"
"Validate that Drag And Drop function is clickable","320","Validate that Drag And Drop function is clickable","AutomationHerokuApp","2026-09-02","passed","2026-09-02","Tests.MainPageTest","smokeTest","Tests.MainPageTest","validateThatDragAndDropIsClickable"
"Verify that the Entry Ad page displays the correct header","361","Verify that the Entry Ad page displays the correct header","AutomationHerokuApp","2026-09-02","passed","2026-09-02","Tests.P15EntryAdTest","smokeTest","Tests.P15EntryAdTest","verifyEntryAdPageHeader"
"Verify Horizontal Slider initial value","397","Verify that the Horizontal Slider starts with the correct initial value","AutomationHerokuApp","2026-09-02","passed","2026-09-02","Tests.P24HorizontalSliderTest","smokeTest","Tests.P24HorizontalSliderTest","verifySliderInitialValue"
"Verify JavaScript Prompt accepts entered text","599","Verify that text can be entered and accepted in the JavaScript Prompt","AutomationHerokuApp","2026-09-02","passed","2026-09-02","Tests.P29JavaScriptAlertsTest","smokeTest","Tests.P29JavaScriptAlertsTest","verifyJavaScriptPromptAcceptsEnteredText"
"Verify Hovers page header","510","Verify that the Hovers page displays the correct header","AutomationHerokuApp","2026-09-02","passed","2026-09-02","Tests.P25HoversTest","smokeTest","Tests.P25HoversTest","verifyHoversPageHeader"
"Verify first user profile link","665","Verify that the first user profile link points to the correct profile","AutomationHerokuApp","2026-09-02","passed","2026-09-02","Tests.P25HoversTest","smokeTest","Tests.P25HoversTest","verifyFirstUserProfileLink"
"Validate that Dynamic Controls function is clickable","694","Validate that Dynamic Controls function is clickable","AutomationHerokuApp","2026-09-02","passed","2026-09-02","Tests.MainPageTest","smokeTest","Tests.MainPageTest","validateThatDynamicControlsIsClickable"
"validate That after dragging second box and dropping it on first box , boxes names should be switched ","1130","validate That after dragging second box and dropping it on first box , boxes names should be switched  ","AutomationHerokuApp","2026-09-02","passed","2026-09-02","Tests.P10DragAndDropTest","smokeTest","Tests.P10DragAndDropTest","validateDragAndDropSecondBoxToFirstBox"
"Validate that Shifting Content function is clickable","320","Validate that Shifting Content function is clickable","AutomationHerokuApp","2026-09-02","passed","2026-09-02","Tests.MainPageTest","smokeTest","Tests.MainPageTest","validateThatShiftingContentIsClickable"
"Verify Shadow DOM host is displayed","354","Verify that the first Shadow DOM host is displayed","AutomationHerokuApp","2026-09-02","passed","2026-09-02","Tests.P38ShadowDomTest","smokeTest","Tests.P38ShadowDomTest","verifyShadowDomHostIsDisplayed"
"Verify sortable data tables header counts","631","Verify that both sortable tables contain six columns","AutomationHerokuApp","2026-09-02","passed","2026-09-02","Tests.P41SortableDataTablesTest","smokeTest","Tests.P41SortableDataTablesTest","verifyTableHeadersCount"
"validate Failed login with wrong Credentials","4955","validate Failed login with wrong Credentials","AutomationHerokuApp","2026-09-02","passed","2026-09-02","Tests.P8DigestAuthTest","smokeTest","Tests.P8DigestAuthTest","validateDigestAuthWrongCredentials"
"Verify status code 301","703","Verify that status code 301 opens the correct page","AutomationHerokuApp","2026-09-02","passed","2026-09-02","Tests.P42StatusCodesTest","smokeTest","Tests.P42StatusCodesTest","verifyStatusCode301"
"Verify secure download files count","880","Verify that the Secure File Download page contains downloadable files","AutomationHerokuApp","2026-09-02","passed","2026-09-02","Tests.P37SecureFileDownloadTest","smokeTest","Tests.P37SecureFileDownloadTest","verifySecureDownloadFilesCount"
"Verify Infinite Scroll page header","492","Verify that the Infinite Scroll page displays the correct header","AutomationHerokuApp","2026-09-02","passed","2026-09-02","Tests.P26InfiniteScrollTest","smokeTest","Tests.P26InfiniteScrollTest","verifyInfiniteScrollPageHeader"
"Validate that Challenging Dom function is clickable","399","Validate that Challenging Dom function is clickable","AutomationHerokuApp","2026-09-02","passed","2026-09-02","Tests.MainPageTest","smokeTest","Tests.MainPageTest","validateThatChallengingDomIsClickable"
"Verify first user caption appears on hover","679","Verify that the first user caption appears after hovering over the first figure","AutomationHerokuApp","2026-09-02","passed","2026-09-02","Tests.P25HoversTest","smokeTest","Tests.P25HoversTest","verifyFirstUserCaptionAppearsOnHover"
"Validate that Broken Images function is clickable","449","Validate that Broken Images function is clickable","AutomationHerokuApp","2026-09-02","passed","2026-09-02","Tests.MainPageTest","smokeTest","Tests.MainPageTest","validateThatBrokenImagesIsClickable"
"Verify redirect to Status Codes page","806","Verify that clicking the redirect link navigates to the Status Codes page","AutomationHerokuApp","2026-09-02","passed","2026-09-02","Tests.P36RedirectLinkTest","smokeTest","Tests.P36RedirectLinkTest","verifyRedirectToStatusCodesPage"
"Verify first user name","682","Verify that the first figure displays the correct user name on hover","AutomationHerokuApp","2026-09-02","passed","2026-09-02","Tests.P25HoversTest","smokeTest","Tests.P25HoversTest","verifyFirstUserName"
"Verify navigation to Image example","823","Verify that clicking Image opens the correct Shifting Content example","AutomationHerokuApp","2026-09-02","passed","2026-09-02","Tests.P39ShiftingContentTest","smokeTest","Tests.P39ShiftingContentTest","verifyNavigationToImageExample"
"Validate that Floating Menu function is clickable","479","Validate that Floating Menu function is clickable","AutomationHerokuApp","2026-09-02","passed","2026-09-02","Tests.MainPageTest","smokeTest","Tests.MainPageTest","validateThatFloatingMenuIsClickable"
"Verify Shadow DOM page header","378","Verify that the Shadow DOM page displays the correct header","AutomationHerokuApp","2026-09-02","passed","2026-09-02","Tests.P38ShadowDomTest","smokeTest","Tests.P38ShadowDomTest","verifyShadowDomPageHeader"
"Verify user can logout after successful login","1719","Verify that the user can successfully logout","AutomationHerokuApp","2026-09-02","passed","2026-09-02","Tests.P21FormAuthenticationTest","smokeTest","Tests.P21FormAuthenticationTest","verifySuccessfulLogout"
"Validate that Slow Resources function is clickable","316","Validate that Slow Resources function is clickable","AutomationHerokuApp","2026-09-02","passed","2026-09-02","Tests.MainPageTest","smokeTest","Tests.MainPageTest","validateThatSlowResourcesIsClickable"
"Validate that Add/Remove Elements function is clickable","353","validate That Add Remove Elements Is Clickable","AutomationHerokuApp","2026-09-02","passed","2026-09-02","Tests.MainPageTest","smokeTest","Tests.MainPageTest","validateThatAddRemoveElementsIsClickable"
"validate the status and functionality of first checkbox","523","validate the status and functionality of first checkbox","AutomationHerokuApp","2026-09-02","passed","2026-09-02","Tests.P6CheckBoxesTest","smokeTest","Tests.P6CheckBoxesTest","validateFirstCheckBoxStatusAndFunctionality"
"Verify Forgot Password page header","420","Verify that the Forgot Password page displays the correct header","AutomationHerokuApp","2026-09-02","passed","2026-09-02","Tests.P20ForgotPasswordTest","smokeTest","Tests.P20ForgotPasswordTest","verifyForgotPasswordPageHeader"
"Validate that File Download function is clickable","322","Validate that File Download function is clickable","AutomationHerokuApp","2026-09-02","passed","2026-09-02","Tests.MainPageTest","smokeTest","Tests.MainPageTest","validateThatFileDownloadIsClickable"
"Validate that Dynamic Content function is clickable","509","Validate that Dynamic Content function is clickable","AutomationHerokuApp","2026-09-02","passed","2026-09-02","Tests.MainPageTest","smokeTest","Tests.MainPageTest","validateThatDynamicContentIsClickable"
"Validate that Inputs function is clickable","329","Validate that Inputs function is clickable","AutomationHerokuApp","2026-09-02","passed","2026-09-02","Tests.MainPageTest","smokeTest","Tests.MainPageTest","validateThatInputsIsClickable"
"Verify key press input field is displayed","403","Verify that the key press input field is displayed","AutomationHerokuApp","2026-09-02","passed","2026-09-02","Tests.P31KeyPressesTest","smokeTest","Tests.P31KeyPressesTest","verifyInputFieldIsDisplayed"
"Verify page finishes loading despite JavaScript onload error","364","Verify that the document reaches complete ready state despite the JavaScript error","AutomationHerokuApp","2026-09-02","passed","2026-09-02","Tests.P30JavaScriptOnLoadTest","smokeTest","Tests.P30JavaScriptOnLoadTest","verifyPageFinishesLoadingDespiteJavaScriptError"
"Validate that Form Authentication function is clickable","632","Validate that Form Authentication function is clickable","AutomationHerokuApp","2026-09-02","passed","2026-09-02","Tests.MainPageTest","smokeTest","Tests.MainPageTest","validateThatFormAuthenticationIsClickable"
"Verify Entry Ad modal is displayed","960","Verify Entry Ad modal is displayed","AutomationHerokuApp","2026-09-02","passed","2026-09-02","Tests.P15EntryAdTest","smokeTest","Tests.P15EntryAdTest","verifyEntryAdModalIsDisplayed"
"validate That Table is displayed","464","validate That Table is displayed","AutomationHerokuApp","2026-09-02","passed","2026-09-02","Tests.P5ChallengingDomTest","smokeTest","Tests.P5ChallengingDomTest","validateTabelIsDisplayed"
"Verify window count after closing new window","805","Verify that only one browser window remains after closing the new window","AutomationHerokuApp","2026-09-02","passed","2026-09-02","Tests.P33MultipleWindowsTest","smokeTest","Tests.P33MultipleWindowsTest","verifyWindowCountAfterClosingNewWindow"
"Verify Typos page header","365","Verify that the Typos page displays the correct header","AutomationHerokuApp","2026-09-02","passed","2026-09-02","Tests.P43TyposTest","smokeTest","Tests.P43TyposTest","verifyTyposPageHeader"
"Validate that JavaScript Alerts function is clickable","345","Validate that JavaScript Alerts function is clickable","AutomationHerokuApp","2026-09-02","passed","2026-09-02","Tests.MainPageTest","smokeTest","Tests.MainPageTest","validateThatJavaScriptAlertsIsClickable"
"Verify switching back to original window","851","Verify that Selenium can close the new window and switch back to the original window","AutomationHerokuApp","2026-09-02","passed","2026-09-02","Tests.P33MultipleWindowsTest","smokeTest","Tests.P33MultipleWindowsTest","verifySwitchBackToOriginalWindow"
"Verify status code 200","684","Verify that status code 200 opens the correct page","AutomationHerokuApp","2026-09-02","passed","2026-09-02","Tests.P42StatusCodesTest","smokeTest","Tests.P42StatusCodesTest","verifyStatusCode200"
"Validate that Shadow DOM function is clickable","310","Validate that Shadow DOM function is clickable","AutomationHerokuApp","2026-09-02","passed","2026-09-02","Tests.MainPageTest","smokeTest","Tests.MainPageTest","validateThatShadowDOMIsClickable"
"Verify Horizontal Slider page header","373","Verify that the Horizontal Slider page displays the correct header","AutomationHerokuApp","2026-09-02","passed","2026-09-02","Tests.P24HorizontalSliderTest","smokeTest","Tests.P24HorizontalSliderTest","verifyHorizontalSliderPageHeader"
"Verify password retrieval request can be submitted","1014","Verify that a password retrieval request can be submitted using a valid email format","AutomationHerokuApp","2026-09-02","passed","2026-09-02","Tests.P20ForgotPasswordTest","smokeTest","Tests.P20ForgotPasswordTest","verifyPasswordRetrievalRequestCanBeSubmitted"
"Verify Floating Menu contains the correct number of menu items","550","Verify that the Floating Menu contains four menu items","AutomationHerokuApp","2026-09-02","passed","2026-09-02","Tests.P19FloatingMenuTest","smokeTest","Tests.P19FloatingMenuTest","verifyFloatingMenuItemsCount"
"Verify number input can be cleared","580","Verify that the number input can be cleared","AutomationHerokuApp","2026-09-02","passed","2026-09-02","Tests.P27InputsTest","smokeTest","Tests.P27InputsTest","verifyNumberInputCanBeCleared"
"Verify that the Exit Intent modal contains the expected content","2102","Verify that the Exit Intent modal contains the expected content","AutomationHerokuApp","2026-09-02","passed","2026-09-02","Tests.P16ExitIntentTest","smokeTest","Tests.P16ExitIntentTest","verifyExitIntentModalContent"
"Verify Left nested frame content","955","Verify that the Left nested frame displays the correct text","AutomationHerokuApp","2026-09-02","passed","2026-09-02","Tests.P22FramesTest","smokeTest","Tests.P22FramesTest","verifyLeftFrameText"
"validate That First Check Box is displayed and named checkbox 1","461","validate That First Check Box is displayed and named checkbox 1","AutomationHerokuApp","2026-09-02","passed","2026-09-02","Tests.P6CheckBoxesTest","smokeTest","Tests.P6CheckBoxesTest","validateFirstCheckBoxIsDisplayedAndItsName"
"validate Disappering Elements Page Header text is Disappearing Elements","398","validate Disappering Elements Page Header text is Disappearing Elements","AutomationHerokuApp","2026-09-02","passed","2026-09-02","Tests.P9DisappearingElementsTest","smokeTest","Tests.P9DisappearingElementsTest","validateDisappearingElementsHeaderText"
"Verify number can be decreased using Arrow Down","599","Verify that the number value decreases when Arrow Down is pressed","AutomationHerokuApp","2026-09-02","passed","2026-09-02","Tests.P27InputsTest","smokeTest","Tests.P27InputsTest","verifyNumberCanBeDecreased"
"Verify Where am I button is displayed","396","Verify that the Where am I button is displayed","AutomationHerokuApp","2026-09-02","passed","2026-09-02","Tests.P23GeoLocationTest","smokeTest","Tests.P23GeoLocationTest","verifyWhereAmIButtonIsDisplayed"
"Verify displayed slider value matches the slider value attribute","697","Verify that the displayed slider value matches the actual slider value","AutomationHerokuApp","2026-09-02","passed","2026-09-02","Tests.P24HorizontalSliderTest","smokeTest","Tests.P24HorizontalSliderTest","verifyDisplayedValueMatchesSliderValue"
"Validate Deleting Multiple elements functionality","1759","Validate Delete Multiple elements functionality","AutomationHerokuApp","2026-09-02","passed","2026-09-02","Tests.P2AddRemoveTest","smokeTest","Tests.P2AddRemoveTest","validateDeleteMultipleElementsFunctionality"
"Verify editor is displayed","852","Verify that the TinyMCE editor is displayed inside the iframe","AutomationHerokuApp","2026-09-02","passed","2026-09-02","Tests.P44WysiwygEditorTest","smokeTest","Tests.P44WysiwygEditorTest","verifyEditorIsDisplayed"
"Verify JavaScript onload event error message text","374","Verify that the JavaScript onload event error message contains the expected text","AutomationHerokuApp","2026-09-02","passed","2026-09-02","Tests.P30JavaScriptOnLoadTest","smokeTest","Tests.P30JavaScriptOnLoadTest","verifyJavaScriptOnLoadErrorMessageText"
"Validate that Context menu function is clickable","317","Validate that Context menu function is clickable","AutomationHerokuApp","2026-09-02","passed","2026-09-02","Tests.MainPageTest","smokeTest","Tests.MainPageTest","validateThatContextMenuIsClickable"
"Verify table cell values","827","Verify that sortable table cells contain the expected values","AutomationHerokuApp","2026-09-02","passed","2026-09-02","Tests.P41SortableDataTablesTest","smokeTest","Tests.P41SortableDataTablesTest","verifyTableCellValues"
"Verify Click here link is displayed","809","Verify that the Click here link is displayed","AutomationHerokuApp","2026-09-02","passed","2026-09-02","Tests.P35NotificationMessagesTest","smokeTest","Tests.P35NotificationMessagesTest","verifyClickHereLinkIsDisplayed"
"Verify left nested frame text","693","Verify that the left nested frame displays the correct text","AutomationHerokuApp","2026-09-02","passed","2026-09-02","Tests.P34NestedFramesTest","smokeTest","Tests.P34NestedFramesTest","verifyLeftFrameText"
"Validate that File Upload function is clickable","630","Validate that File Upload function is clickable","AutomationHerokuApp","2026-09-02","passed","2026-09-02","Tests.MainPageTest","smokeTest","Tests.MainPageTest","validateThatFileUploadIsClickable"
"Verify text can be replaced in editor","874","Verify that existing WYSIWYG Editor text can be replaced","AutomationHerokuApp","2026-09-02","passed","2026-09-02","Tests.P44WysiwygEditorTest","smokeTest","Tests.P44WysiwygEditorTest","verifyEditorTextCanBeReplaced"
"Verify status code 404","721","Verify that status code 404 opens the correct page","AutomationHerokuApp","2026-09-02","passed","2026-09-02","Tests.P42StatusCodesTest","smokeTest","Tests.P42StatusCodesTest","verifyStatusCode404"
"Verify file can be downloaded","774","Verify that a downloadable file can be successfully downloaded","AutomationHerokuApp","2026-09-02","passed","2026-09-02","Tests.P17FileDownloadTest","smokeTest","Tests.P17FileDownloadTest","verifyFileCanBeDownloaded"
"Verify Right nested frame content","1011","Verify that the Right nested frame displays the correct text","AutomationHerokuApp","2026-09-02","passed","2026-09-02","Tests.P22FramesTest","smokeTest","Tests.P22FramesTest","verifyRightFrameText"
"Verify Tab key press","494","Verify that pressing Tab displays the correct result","AutomationHerokuApp","2026-09-02","passed","2026-09-02","Tests.P31KeyPressesTest","smokeTest","Tests.P31KeyPressesTest","verifyTabKeyPress"
"Verify modal close button","1204","Verify modal close button","AutomationHerokuApp","2026-09-02","passed","2026-09-02","Tests.P15EntryAdTest","smokeTest","Tests.P15EntryAdTest","verifyModalCanBeClosed"
"Validate that Basic Auth function is clickable","377","validate That Basic Auth Is Clickable","AutomationHerokuApp","2026-09-02","passed","2026-09-02","Tests.MainPageTest","smokeTest","Tests.MainPageTest","validateThatBasicAuthIsClickable"
"Validate that Secure File Download function is clickable","379","Validate that Secure File Download function is clickable","AutomationHerokuApp","2026-09-02","passed","2026-09-02","Tests.MainPageTest","smokeTest","Tests.MainPageTest","validateThatSecureFileDownloadIsClickable"
"Verify all nested frame texts","983","Verify that all nested frames display the expected text","AutomationHerokuApp","2026-09-02","passed","2026-09-02","Tests.P34NestedFramesTest","smokeTest","Tests.P34NestedFramesTest","verifyAllNestedFrameTexts"
"validate Digest Auth Successful Login ,Expected Header text and success message text","856","validate Digest Auth Successful Login ,Expected Header text and success message text","AutomationHerokuApp","2026-09-02","passed","2026-09-02","Tests.P8DigestAuthTest","smokeTest","Tests.P8DigestAuthTest","validateDigestAuthSuccessfulLogin"
"validate that Disappering Elements Page contains 4 or 5 buttons","356","validate that Disappering Elements Page contains 4 or 5 buttons","AutomationHerokuApp","2026-09-02","passed","2026-09-02","Tests.P9DisappearingElementsTest","smokeTest","Tests.P9DisappearingElementsTest","validateDisappearingElementsButtonsCount"
"Verify Inputs page header","404","Verify that the Inputs page displays the correct header","AutomationHerokuApp","2026-09-02","passed","2026-09-02","Tests.P27InputsTest","smokeTest","Tests.P27InputsTest","verifyInputsPageHeader"
"validate Dynamic Controls Page Header ,first sub header and second sub header","623","validate Dynamic Controls Page Header ,first sub header and second sub header","AutomationHerokuApp","2026-09-02","passed","2026-09-02","Tests.P13DynamicControlsTest","smokeTest","Tests.P13DynamicControlsTest","validateDynamicControlsHeaderAndSubHeaders"
"Verify JavaScript Confirm can be dismissed","583","Verify that dismissing the JavaScript Confirm displays the correct result","AutomationHerokuApp","2026-09-02","passed","2026-09-02","Tests.P29JavaScriptAlertsTest","smokeTest","Tests.P29JavaScriptAlertsTest","verifyJavaScriptConfirmCanBeDismissed"
"Validate that WYSIWYG Editor function is clickable","994","Validate that WYSIWYG Editor function is clickable","AutomationHerokuApp","2026-09-02","passed","2026-09-02","Tests.MainPageTest","smokeTest","Tests.MainPageTest","validateThatWYSIWYGEditorIsClickable"
"Verify Slow Resources page URL","345","Verify that the Slow Resources page has the correct URL","AutomationHerokuApp","2026-09-02","passed","2026-09-02","Tests.P40SlowResourcesTest","smokeTest","Tests.P40SlowResourcesTest","verifySlowResourcesPageUrl"
"Validate functionality of adding multiple elements","932","Validate functionality of adding multiple elements","AutomationHerokuApp","2026-09-02","passed","2026-09-02","Tests.P2AddRemoveTest","smokeTest","Tests.P2AddRemoveTest","validateAddMultipleElementsfunctionality"
"Validate that Notification Messages function is clickable","732","Validate that Notification Messages function is clickable","AutomationHerokuApp","2026-09-02","passed","2026-09-02","Tests.MainPageTest","smokeTest","Tests.MainPageTest","validateThatNotificationMessagesIsClickable"
"validate that Clicking Contact us button navigates to Not found page","643","validate that Clicking Contact us button navigates to Not found page","AutomationHerokuApp","2026-09-02","passed","2026-09-02","Tests.P9DisappearingElementsTest","smokeTest","Tests.P9DisappearingElementsTest","validateContactUsButtonNavigatesToNotFoundPage"
"Verify initial content is displayed","486","Verify that initial content is displayed on the Infinite Scroll page","AutomationHerokuApp","2026-09-02","passed","2026-09-02","Tests.P26InfiniteScrollTest","smokeTest","Tests.P26InfiniteScrollTest","verifyInitialContentIsDisplayed"
"Verify first secure file has a valid name","924","Verify that the first secure downloadable file has a non-empty name","AutomationHerokuApp","2026-09-02","passed","2026-09-02","Tests.P37SecureFileDownloadTest","smokeTest","Tests.P37SecureFileDownloadTest","verifyFirstSecureDownloadFileName"
"Verify Form Authentication page header","671","Verify that the Form Authentication page displays the correct header","AutomationHerokuApp","2026-09-02","passed","2026-09-02","Tests.P21FormAuthenticationTest","smokeTest","Tests.P21FormAuthenticationTest","verifyFormAuthenticationPageHeader"
"validate the functionality of selecting options from dropdown list","717","validate the functionality of selecting options from dropdown list","AutomationHerokuApp","2026-09-02","passed","2026-09-02","Tests.P11DropDownTest","smokeTest","Tests.P11DropDownTest","validateDropDownListFunctionality"
"Verify Multiple Windows page header","373","Verify that the Multiple Windows page displays the correct header","AutomationHerokuApp","2026-09-02","passed","2026-09-02","Tests.P33MultipleWindowsTest","smokeTest","Tests.P33MultipleWindowsTest","verifyMultipleWindowsPageHeader"
"validate input field is displayed, not enabled and it's button text","592","validate input field is displayed, not enabled and it's button text","AutomationHerokuApp","2026-09-02","passed","2026-09-02","Tests.P13DynamicControlsTest","smokeTest","Tests.P13DynamicControlsTest","validateInputFieldAndItsButtonAreDisplayed"
"Validate that Frames function is clickable","303","Validate that Frames function is clickable","AutomationHerokuApp","2026-09-02","passed","2026-09-02","Tests.MainPageTest","smokeTest","Tests.MainPageTest","validateThatFramesIsClickable"
"Verify last table cell value","630","Verify that the last cell of the large table can be located","AutomationHerokuApp","2026-09-02","passed","2026-09-02","Tests.P32LargeDeepDomTest","smokeTest","Tests.P32LargeDeepDomTest","verifyLastTableCellValue"
"Verify Floating Menu remains visible after scrolling","684","Verify that the Floating Menu remains displayed after scrolling to the bottom of the page","AutomationHerokuApp","2026-09-02","passed","2026-09-02","Tests.P19FloatingMenuTest","smokeTest","Tests.P19FloatingMenuTest","verifyFloatingMenuRemainsVisibleAfterScrolling"
"Validate that Check boxes function is clickable","309","Validate that Check boxes function is clickable","AutomationHerokuApp","2026-09-02","passed","2026-09-02","Tests.MainPageTest","smokeTest","Tests.MainPageTest","validateThatCheckBoxesIsClickable"
